<?xml version="1.0"?>
<!DOCTYPE package-info SYSTEM "http://www.simplemachines.org/xml/package-info">
<package-info xmlns="http://www.simplemachines.org/xml/package-info" xmlns:smf="http://www.simplemachines.org/">
  <name>Portuguese Pt Adk Portal</name>
  <id>^HeRaCLeS^:Portuguese_pt_adkportal</id>
  <type>modification</type>
  <version>3.0</version>

	<install for="2.0 - 2.0.99">
		<readme parsebbc="true">files/readme.txt</readme>
		<!-- Theme Dir -->
		<require-dir name="Themes" destination="$boarddir" />
		<redirect url="$scripturl?action=admin;area=adkadmin" timeout="1000"></redirect>
	</install>
		
	<uninstall for="2.0 - 2.0.99">
		<readme parsebbc="true">files/readme1.txt</readme>
		<!-- Language Dir -->
		<remove-file name="$themedir/languages/AdkPortal/Adk-Admin.portuguese_pt.php" />
		<remove-file name="$themedir/languages/AdkPortal/Adk-AdminBlocks.portuguese_pt.php" />
		<remove-file name="$themedir/languages/AdkPortal/Adk-AdminDownloads.portuguese_pt.php" />
		<remove-file name="$themedir/languages/AdkPortal/Adk-AdminModules.portuguese_pt.php" />
		<remove-file name="$themedir/languages/AdkPortal/Adk-Downloads.portuguese_pt.php" />
		<remove-file name="$themedir/languages/AdkPortal/Adk-echomodules.portuguese_pt.php" />
		<remove-file name="$themedir/languages/AdkPortal/Adk-Help.portuguese_pt.php" />
		<remove-file name="$themedir/languages/AdkPortal/Adk-Modifications.portuguese_pt.php" />
		<redirect url="$scripturl?action=admin;area=packages" timeout="1000"></redirect>
	</uninstall>

</package-info>