<?xml version="1.0"?>
<!DOCTYPE package-info SYSTEM "http://www.simplemachines.org/xml/package-info">
<package-info xmlns="http://www.simplemachines.org/xml/package-info" xmlns:smf="http://www.simplemachines.org/">
  <name>Adk Portal</name>
  <id>lucas-ruroken:adkportal</id>
  <type>modification</type>
  <version>3.0</version>

	<install for="2.0 - 2.0.99">
		<redirect url="$scripturl?action=admin;area=adkadmin" timeout="1000"></redirect>
		<readme parsebbc="true">files/readme.txt</readme>
		<modification type="file">files/install_2.0.x.xml</modification>
		<!-- Board Dir -->
		<require-dir name="adkportal" destination="$boarddir" />
		<require-dir name="Adk-downloads" destination="$boarddir" />
		<require-file name="files/adk-license.txt" destination="$boarddir" />
		<!-- Source Dir -->
		<require-dir name="Sources" destination="$boarddir" />
		<!-- Theme Dir -->
		<require-dir name="Themes" destination="$boarddir" />
		<code>install/db_install_adkportal.php</code>
		<database>install/db_install_adkportal_optional.php</database>
	</install>
		
	<uninstall for="2.0 - 2.0.99">
		<!-- Check our Readme and install ;) -->
		<readme parsebbc="true">files/readme1.txt</readme>
		<modification type="file" reverse="true">files/install_2.0.x.xml</modification>
		<!-- Board Dir -->
		<remove-dir name="$boarddir/adkportal" />
		<remove-dir name="$boarddir/Adk-downloads" />
		<remove-file name="$boarddir/adk-license.txt" />
		<!-- Source Dir -->
		<remove-dir name="$sourcedir/AdkPortal" />
		<!-- Theme Dir -->
		<remove-dir name="$themedir/AdkPortal" />
		<!-- Language Dir -->
		<remove-dir name="$themedir/languages/AdkPortal" />
		<!-- Image Dir -->
		<remove-file name="$imagesdir/admin/addcategory.png" />
		<remove-file name="$imagesdir/admin/ads.png" />
		<remove-file name="$imagesdir/admin/approve.png" />
		<remove-file name="$imagesdir/admin/blocks.png" />
		<remove-file name="$imagesdir/admin/createblock.png" />
		<remove-file name="$imagesdir/admin/createnews.png" />
		<remove-file name="$imagesdir/admin/editcategory.png" />
		<remove-file name="$imagesdir/admin/htaccess.png" />
		<remove-file name="$imagesdir/admin/icons.png" />
		<remove-file name="$imagesdir/admin/images.png" />
		<remove-file name="$imagesdir/admin/imagesadvanced.png" />
		<remove-file name="$imagesdir/admin/intro.png" />
		<remove-file name="$imagesdir/admin/label0.png" />
		<remove-file name="$imagesdir/admin/label1.png" />
		<remove-file name="$imagesdir/admin/label2.png" />
		<remove-file name="$imagesdir/admin/label3.png" />
		<remove-file name="$imagesdir/admin/news.png" />
		<remove-file name="$imagesdir/admin/pages.png" />
		<remove-file name="$imagesdir/admin/robot.png" />
		<remove-file name="$imagesdir/admin/settings.png" />
		<remove-file name="$imagesdir/admin/shoutbox.png" />
		<remove-file name="$imagesdir/admin/upload.png" />
		<redirect url="$scripturl?action=admin;area=packages" timeout="1000"></redirect>
		<code>install/db_uninstall_adkportal.php</code>
		<database>install/db_uninstall_adkportal_optional.php</database>
	</uninstall>

	<upgrade from="2.1.1" for="2.0 - 2.0.99">
		<readme parsebbc="true">files/readme2.txt</readme>
		<!-- Copia de seguridad -->
		<code>install/preUnInstall_adkportal.php</code>
		<!-- Eliminando version 2.1.1 -->
		<modification type="file" reverse="true">files/upgrade.xml</modification>
		<remove-file name="$sourcedir/Adk-Admin.php" />
		<remove-file name="$sourcedir/Adk-echomodules.php" />
		<remove-file name="$sourcedir/Adk-Modules.php" />
		<remove-file name="$sourcedir/Adkportal.php" />
		<remove-file name="$sourcedir/Adk-Downloads.php" />
		<remove-file name="$sourcedir/Adk-Seo.php" />
		<remove-file name="$sourcedir/Subs-adkblocks.php" />
		<remove-file name="$sourcedir/Subs-adkfunction.php" />
		<remove-file name="$themedir/Adk-admin.template.php" />
		<remove-file name="$themedir/Adkportal.template.php" />
		<remove-file name="$themedir/Adk-echomodules.template.php" />
		<remove-file name="$themedir/Adk-Modules.template.php" />
		<remove-file name="$themedir/Adk-Downloads.template.php" />
		<remove-file name="$themedir/Adk-Seo.template.php" />
		<remove-file name="$themedir/languages/Adk-Admin.english.php" />
		<remove-file name="$themedir/languages/Adk-Modifications.english.php" />
		<remove-file name="$themedir/languages/Adk-Admin.spanish_latin.php" />
		<remove-file name="$themedir/languages/Adk-Modifications.spanish_latin.php" />
		<remove-file name="$themedir/languages/Adk-Admin.spanish_es.php" />
		<remove-file name="$themedir/languages/Adk-Modifications.spanish_es.php" />
		<code>install/db_upgrade_adkportal.php</code>

		<!-- Instalando 3.0 -->
		<modification type="file">files/install_2.0.x.xml</modification>
		<require-dir name="adkportal" destination="$boarddir" />
		<require-dir name="Adk-downloads" destination="$boarddir" />
		<require-file name="files/adk-license.txt" destination="$boarddir" />
		<require-dir name="Sources" destination="$boarddir" />
		<require-dir name="Themes" destination="$boarddir" />
		<code>install/db_install_adkportal.php</code>
		<database>install/db_install_adkportal_optional.php</database>
		<code>install/postInstall_adkportal.php</code>
		<redirect url="$scripturl?action=admin;area=adkadmin" timeout="1000"></redirect>
	</upgrade>

</package-info>
