<?xml version="1.0"?>
<!DOCTYPE modification SYSTEM "http://www.simplemachines.org/xml/modification">
<modification xmlns="http://www.simplemachines.org/xml/modification" xmlns:smf="http://www.simplemachines.org/">
	<id>lucas-ruroken:adkportal</id>
	<version>3.0</version>

	<!--Dir Files-->
	<file name="$boarddir/index.php">
		<operation>
			<search position="replace"><![CDATA[
		// Action and board are both empty... BoardIndex!
]]></search>
			<add><![CDATA[
		//Adk portal 3.0
		if(adk_return_action())
			return adk_return_action();

		// Action and board are both empty... BoardIndex!
]]></add>
		</operation>
	</file>
	<!--Sources Files-->
	<file name="$sourcedir/Subs.php">
		<operation>
			<search position="replace"><![CDATA[$context['allow_admin'] = allowedTo(array(]]></search>
			<add><![CDATA[$context['allow_admin'] = allowedTo(array('adk_portal',]]></add>
		</operation>
		
		<operation>
			<search position="replace"><![CDATA[
	$current_action = 'home';
]]></search>
			<add><![CDATA[
	$current_action = 'home';

	//Adk portal 3.0
	setActiveMenuButton($current_action);
]]></add>
		</operation>
	</file>
</modification>
